,Total Wind Generation [MW],Total Power Output [MW],Wind Power Output [MW],Wind Power to Battery [MW],State of Charge [MWh],Battery Power Output [MW],Wind Power to PEM [MW],PEM H2 Output [kg],Tank H2 Input [kg],H2 Sales [kg],"Turbine H2 Input [kg]""",Tank Holdup [kg],Turbine Power Output [MW]
0,811.7157416097322,811.7157415804334,811.715741579853,7.091170460088761e-09,173.89024527812578,5.803295916528404e-10,2.2788063421178824e-08,4.1469291568709714e-07,4.1470029318018247e-07,4.013513589194508e-07,0.0,200.12202926021158,0.0
1,797.7218506742469,797.7218506483836,797.7218506478056,3.6532450555193825e-09,173.8902452809881,5.778453854125289e-10,2.2788010682730484e-08,4.1469195604755065e-07,4.1469933357015756e-07,3.9661779214948723e-07,0.0,200.12202933607773,0.0
2,795.1038801249967,795.1038800999885,795.1038800994123,2.7965358379668103e-09,173.89024528303838,5.761221049067406e-10,2.2787998140762756e-08,4.146917278313053e-07,4.146991053609097e-07,3.9511449242563986e-07,0.0,200.1220294132747,0.0
3,762.0653955314646,762.0653955068879,762.065395506313,2.3634937499726373e-09,173.8902452846787,5.747489449095023e-10,2.2787991542554413e-08,4.146916077689014e-07,4.146989853021686e-07,3.944072695799093e-07,0.0,200.12202949104142,0.0
4,794.3990194309333,794.3990194066275,794.399019406054,2.0913913368778175e-09,173.89024528606174,5.735831691794422e-10,2.2787986381551124e-08,4.1469151385817307e-07,4.146988913942987e-07,3.9368287807554536e-07,0.0,200.12202956941587,0.0
5,804.7695878530094,804.7695878288937,804.7695878283212,1.9001705061728475e-09,173.89024528726424,5.72563723334242e-10,2.2787988247278578e-08,4.1469154780725376e-07,4.1469892534229675e-07,3.952237467434081e-07,0.0,200.1220296461475,0.0
6,797.7218506730824,797.7218506491097,797.7218506485381,1.7563161614983682e-09,173.89024528833102,5.716323545780309e-10,2.2787988761980405e-08,4.1469155717278863e-07,4.1469893470750134e-07,3.9614818907771724e-07,0.0,200.12202972186162,0.0
7,814.3329055495433,814.3329055256831,814.3329055251123,1.6429786954679343e-09,173.89024528929102,5.707820580789934e-10,2.2787989487347816e-08,4.146915703716283e-07,4.1469894790588826e-07,3.970824492998837e-07,0.0,200.12202979655643,0.0
8,797.6211619193826,797.6211618956139,797.6211618950439,1.5506678996760998e-09,173.89024529016422,5.699675543277257e-10,2.278798497914091e-08,4.1469148833927525e-07,4.1469886587600776e-07,3.9612466292306395e-07,0.0,200.12202987212748,0.0
9,758.1355106399818,758.1355106162896,758.1355106157204,1.4735981085026129e-09,173.89024529096494,5.692441721528765e-10,2.2787988477565945e-08,4.1469155199720647e-07,4.1469892953191907e-07,3.980012614012874e-07,0.0,200.12202994574966,0.0
10,686.5257357831282,686.5257357595008,686.5257357589322,1.4079458811444934e-09,173.89024529170402,5.685449801008794e-10,2.2787987466689443e-08,4.14691533602957e-07,4.1469891113816806e-07,3.9828881499142553e-07,0.0,200.12203001901437,0.0
11,521.350284854428,521.3502848308567,521.3502848302888,1.3511245398341703e-09,173.8902452923898,5.678873055242865e-10,2.27879858897579e-08,4.1469150490862364e-07,4.146988824446346e-07,3.9841824235895183e-07,0.0,200.12203009208386,0.0
12,290.7582653132341,290.75826528971214,290.75826528914484,1.301300304044657e-09,173.8902452930289,5.672689834763122e-10,2.2787984357071133e-08,4.146914770192958e-07,4.1469885455604097e-07,3.9864530351372283e-07,0.0,200.1220301648644,0.0
13,58.630938285678226,58.6309382621998,58.630938261633105,1.2571303310839168e-09,173.89024529362666,5.666866650314119e-10,2.2787981952852028e-08,4.1469143327053557e-07,4.1469881080807674e-07,3.992518348143376e-07,0.0,200.12203023698015,0.0
14,51.94775038379305,51.947750360353595,51.94775035978746,1.2176081354097368e-09,173.89024529418742,5.661373483992647e-10,2.2787980397052053e-08,4.146914049605595e-07,4.146987824988099e-07,3.9950893257168705e-07,0.0,200.12203030878385,0.0
15,103.82265666450961,103.82265664110527,103.82265664053965,1.1819695552308067e-09,173.8902452947149,5.656182350878509e-10,2.2787979799350685e-08,4.146913940851523e-07,4.146987716239817e-07,3.993618532092483e-07,0.0,200.1220303806827,0.0
16,163.8396078861747,163.83960786280224,163.83960786223707,1.1496352172533556e-09,173.89024529521217,5.651262671426749e-10,2.2787978915075102e-08,4.146913779947464e-07,4.146987555340972e-07,3.993384186494339e-07,0.0,200.12203045255578,0.0
17,125.96968037527017,125.96968035192667,125.96968035136202,1.1201725160998547e-09,173.89024529568198,5.646579887459575e-10,2.2787978091046372e-08,4.146913630002249e-07,4.146987405398735e-07,3.9944008719243713e-07,0.0,200.12203052428032,0.0
18,119.9312225657271,119.93122254241008,119.93122254184587,1.0932608346517672e-09,173.89024529612666,5.642096284365755e-10,2.2787977938827103e-08,4.146913602301746e-07,4.146987377697897e-07,3.9946619292192656e-07,0.0,200.12203059593392,0.0
19,231.06770476583833,231.0677047425455,231.06770474198174,1.068648186993789e-09,173.89024529654844,5.637773577023247e-10,2.278797874209663e-08,4.1469137484668706e-07,4.1469875238588074e-07,3.993464941223364e-07,0.0,200.122030667664,0.0
20,307.8201170133509,307.8201169900802,307.82011698951686,1.04609889701039e-09,173.89024529694922,5.633575538489624e-10,2.2787979898660537e-08,4.1469139589160233e-07,4.146987734300701e-07,3.993116705467661e-07,0.0,200.122030739387,0.0
21,409.56386814148965,409.5638681182392,409.5638681176763,1.0253498448432729e-09,173.8902452973307,5.629471458538199e-10,2.2787981441629624e-08,4.146914239676075e-07,4.1469880150512415e-07,3.993167073571589e-07,0.0,200.1220308110639,0.0
22,295.6526652825786,295.65266525934715,295.6526652587846,1.0061017829112782e-09,173.89024529769435,5.625435323673506e-10,2.2787982930821178e-08,4.1469145106495116e-07,4.1469882860148965e-07,3.994065630035753e-07,0.0,200.12203088261063,0.0
23,419.50901488796774,419.5090148647539,419.5090148641917,9.880547520298373e-10,173.89024529804126,5.621447105068826e-10,2.2787984353494424e-08,4.146914769520419e-07,4.1469885448770347e-07,3.995054111590644e-07,0.0,200.12203095401864,0.0
24,520.2318057300423,520.2318057068452,520.2318057062834,9.70964548850207e-10,173.89024529837238,5.617491958493024e-10,2.2787985367550966e-08,4.146914954038231e-07,4.1469887293881787e-07,3.9969421509807354e-07,0.0,200.1220310251983,0.0
25,300.4392190935408,300.4392190703595,300.4392190697981,9.546808101558813e-10,173.89024529868846,5.613560223714095e-10,2.278798587122701e-08,4.1469150456849407e-07,4.146988821030463e-07,4.000181558221867e-07,0.0,200.12203109601475,0.0
26,252.60991702810648,252.60991700494034,252.60991700437935,9.391442668965142e-10,173.89024529899015,5.609647305940504e-10,2.278798614825663e-08,4.1469150960910884e-07,4.1469888714336976e-07,4.004094929331553e-07,0.0,200.1220311664007,0.0
27,191.2077715578561,191.2077715347043,191.20777153414375,9.243514301530371e-10,173.8902452992782,5.605753217980657e-10,2.2787986244012054e-08,4.1469151135117657e-07,4.1469888888522526e-07,4.0089306662519834e-07,0.0,200.12203123626415,0.0
28,293.98692034831777,293.98692032517965,293.98692032461946,9.103122503773233e-10,173.89024529955333,5.60188160560205e-10,2.2787986614032637e-08,4.1469151808403834e-07,4.1469889561782577e-07,4.013628428954479e-07,0.0,200.12203130561915,0.0
29,560.6548280748726,560.6548280517476,560.6548280511877,8.970213182471716e-10,173.89024529981623,5.59803827760822e-10,2.278798716702027e-08,4.1469152814618693e-07,4.146989056796014e-07,4.019080941911589e-07,0.0,200.12203137439042,0.0
30,660.9738558871952,660.9738558640821,660.9738558635228,8.844484456066732e-10,173.8902453000676,5.594229383373501e-10,2.278798793122934e-08,4.146915420516731e-07,4.1469891958455085e-07,4.0255844862303435e-07,0.0,200.1220314424733,0.0
31,610.1066862393593,610.1066862162579,610.1066862156988,8.725432703287277e-10,173.890245300308,5.590461207605737e-10,2.278798903041978e-08,4.146915620525187e-07,4.146989395846574e-07,4.032870195658508e-07,0.0,200.12203150978993,0.0
32,680.972694509014,680.9726944859235,680.9726944853649,8.612453108705266e-10,173.89024530053814,5.586738422965836e-10,2.278799049122795e-08,4.1469158863344534e-07,4.1469896616464815e-07,4.0406987734657223e-07,0.0,200.1220315762865,0.0
33,740.1946814247375,740.1946814016572,740.1946814010989,8.504932320396229e-10,173.89024530075844,5.58306421539417e-10,2.27879922676411e-08,4.1469162095717197e-07,4.146989984872561e-07,4.0491074217203677e-07,0.0,200.1220316419055,0.0
34,766.4987071877634,766.4987071646932,766.4987071641352,8.402308228545435e-10,173.89024530096935,5.579439877072259e-10,2.2787994292009632e-08,4.1469165779273543e-07,4.1469903532155697e-07,4.0579452728631677e-07,0.0,200.1220317066045,0.0
35,654.6078796081416,654.6078795850808,654.6078795845232,8.304096881017298e-10,173.89024530117132,5.575867393317926e-10,2.2787996539363797e-08,4.1469169868577437e-07,4.146990762132003e-07,4.0672977740160217e-07,0.0,200.12203177033257,0.0
36,124.97778960044376,124.97778957739197,124.97778957683474,8.209896071437159e-10,173.8902453013647,5.572345075487141e-10,2.2787998858738064e-08,4.1469174088921183e-07,4.14699118415155e-07,4.0772915808545686e-07,0.0,200.12203183302606,0.0
37,471.14127372458205,471.1412737015389,471.141273700982,8.119376767881585e-10,173.8902453015498,5.568871000416239e-10,2.2788001461099837e-08,4.146917882421236e-07,4.146991657665135e-07,4.086839735855987e-07,0.0,200.12203189473007,0.0
38,618.5069810931816,618.5069810701468,618.5069810695902,8.032267410669911e-10,173.8902453017271,5.56544337706593e-10,2.2788004121332927e-08,4.146918366480355e-07,4.146992141708206e-07,4.0967257766401493e-07,0.0,200.12203195541125,0.0
39,637.3217842844435,637.3217842614167,637.3217842608606,7.948340956476225e-10,173.89024530189667,5.5620596577346e-10,2.278800683066426e-08,4.146918859473204e-07,4.1469926346845914e-07,4.106942191555936e-07,0.0,200.122032015037,0.0
40,597.4501555682115,597.4501555451925,597.4501555446367,7.867402315607287e-10,173.89024530205896,5.558716650688304e-10,2.2788009529774416e-08,4.146919350606132e-07,4.146993125801084e-07,4.117194607197975e-07,0.0,200.1220320736041,0.0
41,637.018424713543,637.0184246905317,637.0184246899762,7.789279707476365e-10,173.89024530221414,5.555412498439643e-10,2.2788012284928833e-08,4.1469198519372243e-07,4.146993627115546e-07,4.1274639350215594e-07,0.0,200.12203213111127,0.0
42,738.380022586347,738.3800225633429,738.3800225627876,7.713818765990402e-10,173.89024530236256,5.552144104177279e-10,2.2788015044081236e-08,4.146920353995985e-07,4.146994129157747e-07,4.1376626442474534e-07,0.0,200.122032187566,0.0
43,737.7751187915495,737.7751187685523,737.7751187679974,7.640878642297048e-10,173.89024530250433,5.548908850004446e-10,2.278801778199842e-08,4.146920852190714e-07,4.1469946273360204e-07,4.147868572025781e-07,0.0,200.12203224296778,0.0
44,731.32226020054,731.3222601775495,731.322260176995,7.570329384865602e-10,173.89024530263976,5.545704324653025e-10,2.2788020514574334e-08,4.146921349413613e-07,4.146995124542534e-07,4.158051578121848e-07,0.0,200.12203229731927,0.0
45,753.197476759667,753.1974767366829,753.1974767361287,7.502050000259375e-10,173.89024530276902,5.542528323801899e-10,2.278802324112326e-08,4.1469218455399316e-07,4.146995620652551e-07,4.168207488882127e-07,0.0,200.12203235062344,0.0
46,774.4574628908998,774.4574628679222,774.4574628673683,7.435928200717483e-10,173.8902453028923,5.539378864864054e-10,2.278802596414369e-08,4.146922341024246e-07,4.1469961161206087e-07,4.1783707935993657e-07,0.0,200.12203240287988,0.0
47,723.4564477027634,723.4564476797918,723.4564476792382,7.371858790338164e-10,173.89024530300986,5.536254148145443e-10,2.2788028683060753e-08,4.1469228357618637e-07,4.146996610841971e-07,4.1885891129743673e-07,0.0,200.12203245408327,0.0
48,729.2046935294256,729.20469350646,729.2046935059067,7.309743696873585e-10,173.89024530312184,5.533152566257175e-10,2.27880313986332e-08,4.146923329890978e-07,4.146997104954896e-07,4.198813890211905e-07,0.0,200.1220325042332,0.0
49,715.8916819445375,715.8916819215774,715.8916819210244,7.249490231083475e-10,173.89024530322845,5.530072667844221e-10,2.278803410925003e-08,4.1469238231183574e-07,4.146997598166111e-07,4.209084521628912e-07,0.0,200.1220325533253,0.0
50,631.25395091799,631.2539508950357,631.253950894483,7.191012385672445e-10,173.8902453033298,5.527013152515319e-10,2.2788036812361765e-08,4.1469243149800004e-07,4.146998090011588e-07,4.219430974265068e-07,0.0,200.12203260135226,0.0
51,685.516160370941,685.5161603479919,685.5161603474395,7.134227075636169e-10,173.8902453034261,5.523972824568393e-10,2.2788039532657874e-08,4.146924809968758e-07,4.146998584984187e-07,4.2297399216761645e-07,0.0,200.12203264831794,0.0
52,622.8578403874463,622.8578403645024,622.8578403639503,7.079057409211317e-10,173.89024530351745,5.520950625500904e-10,2.278804223405315e-08,4.1469253015181137e-07,4.146999076517406e-07,4.24014919172617e-07,0.0,200.12203269421255,0.0
53,698.537404306947,698.5374042840082,698.5374042834565,7.025431278652765e-10,173.890245303604,5.517945609578931e-10,2.278804495215726e-08,4.146925796108051e-07,4.146999571091217e-07,4.2505173666563863e-07,0.0,200.12203273904032,0.0
54,572.5214823874027,572.5214823644687,572.5214823639172,6.97328001660735e-10,173.89024530368596,5.514956920427312e-10,2.278804763924086e-08,4.1469262850531293e-07,4.14700006002019e-07,4.2610363549817156e-07,0.0,200.12203278278636,0.0
55,636.0072019112574,636.0072018883284,636.0072018877772,6.922539089761795e-10,173.8902453037634,5.511983784508117e-10,2.278805035500003e-08,4.1469267792163875e-07,4.1470005541673403e-07,4.271456199529742e-07,0.0,200.1220328254607,0.0
56,544.3137009926876,544.3137009697631,544.3137009692123,6.873148083198589e-10,173.89024530383648,5.509025483680064e-10,2.2788053034296883e-08,4.146927266744619e-07,4.1470010416795343e-07,4.2819954773231274e-07,0.0,200.12203286705164,0.0
57,579.1111103040174,579.1111102810975,579.1111102805469,6.825048482132445e-10,173.8902453039053,5.506081385211717e-10,2.2788055734860655e-08,4.1469277581428694e-07,4.1470015330617525e-07,4.2924489890891763e-07,0.0,200.12203290756779,0.0
58,551.7247795019027,551.7247794789872,551.724779478437,6.778186622024276e-10,173.89024530396995,5.50315089522259e-10,2.2788058420922803e-08,4.1469282469022686e-07,4.1470020218051433e-07,4.3029480067423184e-07,0.0,200.1220329470048,0.0
59,447.75602901921826,447.75602899630695,447.75602899575694,6.732511467309598e-10,173.89024530403057,5.500233442995213e-10,2.278806107423092e-08,4.1469287297014776e-07,4.1470025045884313e-07,4.313540440194953e-07,0.0,200.12203298535343,0.0
60,309.7938640389735,309.7938640160664,309.79386401551665,6.687974194925782e-10,173.89024530408727,5.497328560360569e-10,2.278806368037939e-08,4.1469292039190665e-07,4.1470029787901844e-07,4.3242560263761733e-07,0.0,200.1220330226015,0.0
61,297.31796626214975,297.3179662392467,297.31796623869724,6.644529226996925e-10,173.89024530414014,5.494435745464559e-10,2.2788066329571073e-08,4.146929685969478e-07,4.1470034608248154e-07,4.3346858701275535e-07,0.0,200.1220330587777,0.0
62,297.1098278192419,297.1098277963428,297.10982779579365,6.602133349272211e-10,173.8902453041893,5.491554590192818e-10,2.278806896508237e-08,4.146930165530707e-07,4.1470039403704046e-07,4.3449969137357464e-07,0.0,200.12203309389403,0.0
63,279.705383376956,279.70538335406064,279.7053833535118,6.560745742527818e-10,173.89024530423478,5.48868467772078e-10,2.278807155793988e-08,4.1469306373304747e-07,4.147004412154727e-07,4.3552478892663576e-07,0.0,200.12203312795666,0.0
64,433.7438636105892,433.74386358769766,433.74386358714906,6.520327672978674e-10,173.89024530427676,5.485825603045213e-10,2.2788074224288044e-08,4.1469311225037863e-07,4.1470048973126975e-07,4.364983044327522e-07,0.0,200.12203316101716,0.0
65,590.967354250444,590.967354227556,590.9673542270077,6.480842897658565e-10,173.89024530431527,5.482977051501449e-10,2.2788076817747104e-08,4.146931594413676e-07,4.147005369207468e-07,4.3747637435650436e-07,0.0,200.1220331930712,0.0
66,608.183324876865,608.1833248539806,608.1833248534326,6.442256638027553e-10,173.89024530435043,5.480138612092042e-10,2.278807934753723e-08,4.1469320547379587e-07,4.147005829516849e-07,4.3845691486372585e-07,0.0,200.12203322411634,0.0
67,402.79141102687424,402.7914110039934,402.7914110034457,6.404536188981906e-10,173.89024530438232,5.477309954003287e-10,2.2788081789070186e-08,4.146932499002327e-07,4.1470062737665805e-07,4.394424435547978e-07,0.0,200.1220332541477,0.0
68,378.3289864295456,378.32898640666815,378.3289864061207,6.367650778400391e-10,173.890245304411,5.474491356340169e-10,2.2788084242466836e-08,4.146932945426007e-07,4.14700672017584e-07,4.4039149137311176e-07,0.0,200.12203328320192,0.0
69,296.4853710852331,296.48537106235904,296.48537106181186,6.331570745789097e-10,173.89024530443652,5.471683629966368e-10,2.2788086797591677e-08,4.146933410360132e-07,4.1470071850948654e-07,4.413972747809711e-07,0.0,200.12203331122228,0.0
70,34.69924878059096,34.69924875772014,34.69924875717325,6.296268513805179e-10,173.890245304459,5.468885668514193e-10,2.2788087915045057e-08,4.146933613675588e-07,4.1470073883947477e-07,4.433038618786342e-07,0.0,200.1220333373081,0.0
71,7.647543480145714,7.647543457278073,7.647543456731463,6.261717754136459e-10,173.89024530447847,5.466098557369622e-10,2.2788078406623024e-08,4.146931883430865e-07,4.1470056581668065e-07,4.474200962434017e-07,0.0,200.12203335924966,0.0
72,5.875483787828174,5.875483764963643,5.875483764417311,6.227892899610297e-10,173.89024530449507,5.463323493762467e-10,2.2788074808848026e-08,4.1469312287434506e-07,4.147005003485056e-07,4.4974132847294477e-07,0.0,200.12203337884213,0.0
73,4.878358274756691,4.8783582518952,4.878358251349144,6.194769921574708e-10,173.89024530450877,5.460558294826004e-10,2.278807008877593e-08,4.146930369843854e-07,4.14700414459905e-07,4.5154968809183285e-07,0.0,200.12203339659857,0.0
74,6.872373605225135,6.872373582366598,6.872373581820818,6.162326383040859e-10,173.89024530451968,5.457802701819986e-10,2.2788083832577415e-08,4.1469328707363827e-07,4.1470066454358557e-07,4.5071789594179803e-07,0.0,200.12203341515945,0.0
75,4.98915614855437,4.989156125698746,4.98915612515324,6.130540672773408e-10,173.8902453045279,5.455056572966743e-10,2.2788074905936177e-08,4.1469312463866593e-07,4.147005021116148e-07,4.5282519341179967e-07,0.0,200.1220334315854,0.0
76,7.315249766177752,7.315249743324956,7.315249742779724,6.099391434583155e-10,173.89024530453344,5.452319283572363e-10,2.278808886144215e-08,4.14693378580455e-07,4.147007560478722e-07,4.5175158542791256e-07,0.0,200.12203344905788,0.0
77,6.761621539930331,6.761621517080315,6.761621516535357,6.068860782717311e-10,173.8902453045363,5.449590360847708e-10,2.278808841065892e-08,4.14693370377091e-07,4.147007478443501e-07,4.5258469515266644e-07,0.0,200.1220334656699,0.0
78,8.089731872551532,8.089731849704233,8.089731849159547,6.038928093652557e-10,173.89024530453665,5.4468681693848e-10,2.2788094324572125e-08,4.146934779895867e-07,4.1470085545439877e-07,4.5257877964671385e-07,0.0,200.12203348226078,0.0
79,7.204596291374709,7.204596268530073,7.204596267985657,6.009576653981463e-10,173.89024530453452,5.444150632526099e-10,2.2788094041775465e-08,4.146934728426686e-07,4.1470085030709284e-07,4.5377757815514126e-07,0.0,200.1220334976256,0.0
80,4.767551604707167,4.76755158186515,4.7675515813210065,5.98078886292945e-10,173.89024530452988,5.441433900239156e-10,2.2788081872469063e-08,4.146932514023812e-07,4.147006288710625e-07,4.5627026027454825e-07,0.0,200.1220335104704,0.0
81,11.964438900605208,11.964438877765717,11.964438877221847,5.952548727096958e-10,173.8902453045229,5.438709337868045e-10,2.2788104610286036e-08,4.146936651533797e-07,4.14701042613858e-07,4.5305091155499893e-07,0.0,200.12203352650772,0.0
82,205.30741252785464,205.30741250501765,205.30741250447406,5.924840643271071e-10,173.89024530451354,5.435964745009613e-10,2.2788113038252754e-08,4.146938185159131e-07,4.1470119597444107e-07,4.5096399105455335e-07,0.0,200.12203354460468,0.0
83,112.10595894260032,112.10595891976577,112.10595891922245,5.897649640469773e-10,173.89024530450192,5.433224821042113e-10,2.2788114249529847e-08,4.1469384055666245e-07,4.1470121801456473e-07,4.513025398176447e-07,0.0,200.1220335623357,0.0
84,125.97892275619226,125.9789227333601,125.97892273281704,5.870961717521257e-10,173.890245304488,5.43055551883677e-10,2.2788115767130737e-08,4.1469386817129623e-07,4.1470124562837864e-07,4.517944381500644e-07,0.0,200.12203357954814,0.0
85,125.51873030178233,125.51873027895253,125.51873027840975,5.844763320940695e-10,173.8902453044719,5.427902847394886e-10,2.2788117224749826e-08,4.146938946944621e-07,4.147012721507444e-07,4.52286461025086e-07,0.0,200.1220335962421,0.0
86,126.16638946963867,126.16638944681118,126.16638944626867,5.81904121629666e-10,173.89024530445366,5.425229224034779e-10,2.2788118673462463e-08,4.1469392105557087e-07,4.1470129851106164e-07,4.5277094417513373e-07,0.0,200.12203361242481,0.0
87,123.7456618517736,123.74566182894836,123.7456618284061,5.793783376979083e-10,173.89024530443325,5.422558985000928e-10,2.2788120053844538e-08,4.146939461733208e-07,4.1470132362805715e-07,4.532332174766794e-07,0.0,200.1220336281186,0.0
88,503.85239901147537,503.85239898865234,503.8523989881104,5.768977452811273e-10,173.89024530441083,5.419915154075078e-10,2.278812142907291e-08,4.146939711973834e-07,4.147013486514134e-07,4.536296847558793e-07,0.0,200.1220336433895,0.0
89,567.0454311882975,567.0454311654765,567.0454311649349,5.744613089619406e-10,173.89024530438627,5.417273550632876e-10,2.278812268959209e-08,4.1469399413411067e-07,4.1470137158746677e-07,4.540302772490018e-07,0.0,200.12203365823342,0.0
90,416.74175064695436,416.7417506241356,416.74175062359416,5.720679189423053e-10,173.8902453043598,5.414648884140906e-10,2.278812383593238e-08,4.1469401499316415e-07,4.1470139244588465e-07,4.544298823089659e-07,0.0,200.1220336726515,0.0
91,550.4052139164213,550.4052138936047,550.4052138930635,5.697165567889822e-10,173.89024530433133,5.412039299783027e-10,2.27881250283448e-08,4.146940366906374e-07,4.147014141427374e-07,4.547837293690087e-07,0.0,200.1220336866897,0.0
92,771.2338242827882,771.2338242599736,771.2338242594327,5.674062522739488e-10,173.89024530430103,5.409035669361676e-10,2.278812645907646e-08,4.1469406272461194e-07,4.1470144017595607e-07,4.5522502678724385e-07,0.0,200.12203370025654,0.0
93,811.2124266958089,811.2124266729961,811.2124266724555,5.651360665015103e-10,173.89024530426886,5.406303415442419e-10,2.2788127573397315e-08,4.14694083001089e-07,4.147014604518433e-07,4.55571593754334e-07,0.0,200.12203371344953,0.0
94,807.1857416271649,807.1857416043542,807.1857416038139,5.629050716014557e-10,173.89024530423478,5.403702849513798e-10,2.278812849997106e-08,4.146940998612855e-07,4.147014773115571e-07,4.5585013176366484e-07,0.0,200.122033726338,0.0
95,815.5407859684861,815.5407859456775,815.5407859451373,5.607124457885738e-10,173.8902453041989,5.401126605864793e-10,2.278812937617764e-08,4.1469411580500017e-07,4.147014932548219e-07,4.561041430239613e-07,0.0,200.1220337389467,0.0
96,812.3197134534672,812.3197134306603,812.3197134301205,5.585573739305746e-10,173.89024530416128,5.398546230259583e-10,2.2788130243009955e-08,4.146941315781458e-07,4.147015090275266e-07,4.5635009294536415e-07,0.0,200.12203375128365,0.0
97,817.4532102074857,817.4532101846806,817.4532101841411,5.564391534248282e-10,173.89024530412186,5.396034126854933e-10,2.2788131112460704e-08,4.1469414739894624e-07,4.14701524847889e-07,4.565920155819698e-07,0.0,200.12203376335358,0.0
98,814.1315896115625,814.1315895887595,814.1315895882201,5.543570222114157e-10,173.8902453040808,5.393386622513016e-10,2.278813200869617e-08,4.1469416370713373e-07,4.1470154115562706e-07,4.568387204864818e-07,0.0,200.12203377515036,0.0
99,811.9170662853852,811.917066262584,811.9170662620448,5.523102743289754e-10,173.89024530403807,5.390659830712263e-10,2.2788132898845487e-08,4.14694179904584e-07,4.1470155735263497e-07,4.5707844638868874e-07,0.0,200.12203378668016,0.0
100,811.2124266955609,811.2124266727612,811.2124266722225,5.502982414439231e-10,173.8902453039937,5.387967801703898e-10,2.278813381348867e-08,4.1469419654773713e-07,4.147015739953359e-07,4.5732264426235065e-07,0.0,200.12203379793888,0.0
101,801.6485621908687,801.6485621680707,801.6485621675322,5.483202396386446e-10,173.89024530394775,5.385224040418257e-10,2.2788134733446228e-08,4.146942132875979e-07,4.1470159073474457e-07,4.575643271908972e-07,0.0,200.12203380892848,0.0
102,816.6479868589222,816.6479868361258,816.6479868355876,5.463754777091258e-10,173.8902453039003,5.382214135513468e-10,2.2788135551857343e-08,4.146942281797096e-07,4.1470160562646634e-07,4.5776245146923094e-07,0.0,200.12203381968985,0.0
103,812.5210359414192,812.5210359186246,812.5210359180867,5.44463116925582e-10,173.89024530385123,5.379641972903356e-10,2.2788136648163513e-08,4.1469424812846247e-07,4.147016255746768e-07,4.5805655297746284e-07,0.0,200.12203383013144,0.0
104,725.7802789288088,725.7802789060156,725.780278905478,5.425827635729615e-10,173.89024530380078,5.376183968905149e-10,2.2788137187695827e-08,4.146942579460562e-07,4.1470163539204536e-07,4.5814406233908673e-07,0.0,200.1220338404509,0.0
105,394.48262806652104,394.48262804372933,394.4826280431921,5.407346341975803e-10,173.8902453037489,5.372839829281898e-10,2.278813785132402e-08,4.1469427002169367e-07,4.147016474673734e-07,4.58299484964795e-07,0.0,200.1220338505816,0.0
106,128.05818578534016,128.0581857625502,128.0581857620131,5.389178686514926e-10,173.8902453036955,5.371017615585588e-10,2.278813966400411e-08,4.146943030056817e-07,4.147016804503926e-07,4.588894758990533e-07,0.0,200.12203386010404,0.0
107,195.44386517352976,195.443865150741,195.44386515020446,5.37131843560487e-10,173.890245303641,5.365577298353102e-10,2.278813892843101e-08,4.146942896212456e-07,4.1470166706646915e-07,4.5849018321606746e-07,0.0,200.1220338699714,0.0
108,128.00189223351967,128.00189221073268,128.00189221019616,5.353762013818436e-10,173.89024530358486,5.36500494361829e-10,2.2788141517188058e-08,4.1469433672697357e-07,4.147017141708368e-07,4.5929603456289797e-07,0.0,200.1220338790272,0.0
109,127.85539383709003,127.85539381430354,127.85539381376825,5.336506062241788e-10,173.89024530352836,5.352908825022856e-10,2.278813442466594e-08,4.146942076702112e-07,4.1470158511815184e-07,4.566193162432176e-07,0.0,200.12203389063865,0.0
110,771.3345662894114,771.3345662666259,771.3345662660912,5.319530805335766e-10,173.8902453034708,5.347407710685797e-10,2.278812350035387e-08,4.146940088895463e-07,4.147013863437733e-07,4.524821699925936e-07,0.0,200.12203390633204,0.0
111,242.24030380285208,242.24030378006807,242.2403037795337,5.302801473320362e-10,173.89024530341206,5.343805206009655e-10,2.2788121672158926e-08,4.1469397562347256e-07,4.1470135307878985e-07,4.517447266273949e-07,0.0,200.1220339227268,0.0
112,144.3952631747218,144.39526315193902,144.39526315140503,5.286302203226733e-10,173.89024530335217,5.33993803814203e-10,2.278812255394298e-08,4.146939916687641e-07,4.1470136912367233e-07,4.519490094500208e-07,0.0,200.12203393887862,0.0
113,794.1976289007448,794.1976288779634,794.1976288774298,5.270022482332138e-10,173.89024530329112,5.335917288107077e-10,2.2788124528152106e-08,4.146940275921904e-07,4.1470140504615106e-07,4.524361345381256e-07,0.0,200.12203395450317,0.0
114,795.7080388257802,795.7080388029999,795.7080388024667,5.253957453906944e-10,173.89024530322902,5.331720832361427e-10,2.278812720840564e-08,4.1469407636281664e-07,4.147014538153704e-07,4.5326971587671024e-07,0.0,200.1220339692522,0.0
115,786.141359403541,786.1413593807619,786.1413593802291,5.238100404936721e-10,173.89024530316587,5.327331981740511e-10,2.278813070611582e-08,4.146941400080401e-07,4.1470151745872443e-07,4.544003081170045e-07,0.0,200.1220339828268,0.0
116,809.9037864543692,809.903786431591,809.9037864310588,5.222444618321348e-10,173.8902453031017,5.322749056375797e-10,2.278813496344989e-08,4.1469421747552934e-07,4.147015949239162e-07,4.5580643909868395e-07,0.0,200.12203399494953,0.0
117,802.6553645279616,802.6553645051846,802.6553645046528,5.206983865817558e-10,173.89024530303655,5.317952990044025e-10,2.2788139961587953e-08,4.1469430842282754e-07,4.147016858684966e-07,4.5748475679851616e-07,0.0,200.1220340053461,0.0
118,127.33696784523765,127.33696782246165,127.33696782193034,5.191712420413002e-10,173.89024530297053,5.312965762144756e-10,2.2788145461754425e-08,4.146944085050084e-07,4.1470178594761445e-07,4.594366101675701e-07,0.0,200.122034013741,0.0
119,719.018631211724,719.0186311889489,719.0186311884181,5.176623871266462e-10,173.89024530290357,5.30779128007147e-10,2.2788151748391534e-08,4.146945228981932e-07,4.1470190033740804e-07,4.615048595507963e-07,0.0,200.12203402001606,0.0
120,634.692556317125,634.6925562943508,634.6925562938205,5.161713538456747e-10,173.89024530283578,5.302442126083667e-10,2.2788158389414913e-08,4.1469464373973174e-07,4.1470202117529135e-07,4.6379438367918184e-07,0.0,200.12203402394817,0.0
121,486.9458252050536,486.94582518228043,486.94582518175076,5.146976498590925e-10,173.89024530276714,5.296934186422651e-10,2.2788165410594293e-08,4.1469477149863947e-07,4.1470214893031787e-07,4.6624081120633093e-07,0.0,200.12203402537895,0.0
122,683.5978835757628,683.5978835529905,683.5978835524614,5.132406491812886e-10,173.89024530269776,5.291285215147065e-10,2.2788172822269122e-08,4.1469490636314274e-07,4.147022837907515e-07,4.687791474559312e-07,0.0,200.12203402421505,0.0
123,615.5722598645584,615.5722598417868,615.5722598412583,5.118001111263247e-10,173.89024530262756,5.285514631911516e-10,2.2788180431702964e-08,4.1469504482605395e-07,4.14702422249455e-07,4.714285330195281e-07,0.0,200.12203402034413,0.0
124,596.538622590476,596.5386225677054,596.5386225671774,5.103752559951113e-10,173.8902453025567,5.279642561637041e-10,2.2788188221632304e-08,4.1469518657329824e-07,4.1470256399239037e-07,4.7414491602202087e-07,0.0,200.1220340136983,0.0
125,523.1803598986097,523.1803598758399,523.1803598753125,5.089660948652002e-10,173.89024530248508,5.273689600319605e-10,2.2788196121334924e-08,4.146953303179809e-07,4.147027077326936e-07,4.769109241304684e-07,0.0,200.1220340042271,0.0
126,601.1971931716427,601.1971931488737,601.1971931483469,5.075718149315731e-10,173.8902453024128,5.267675914798736e-10,2.2788204110089846e-08,4.146954756831017e-07,4.147028530933971e-07,4.796893683815203e-07,0.0,200.12203399191742,0.0
127,752.0888631377702,752.088863115002,752.0888631144759,5.061924012091359e-10,173.89024530233982,5.261621208737794e-10,2.278821211248189e-08,4.1469562129636505e-07,4.147029987022349e-07,4.82473340570364e-07,0.0,200.12203397676336,0.0
128,781.004815798272,781.0048157755043,781.0048157749789,5.048273269053784e-10,173.89024530226618,5.25554427200054e-10,2.2788220061645304e-08,4.1469576594104547e-07,4.147031433425076e-07,4.852575968589999e-07,0.0,200.12203395876446,0.0
129,774.8309992195991,774.8309991968323,774.8309991963074,5.034760243638987e-10,173.89024530219191,5.249462970605821e-10,2.2788227947103344e-08,4.1469590942652356e-07,4.147032868236106e-07,4.880222482650986e-07,0.0,200.1220339379402,0.0
130,540.4544812243439,540.4544812015778,540.4544812010535,5.021385554664247e-10,173.89024530211702,5.243393794752698e-10,2.2788235714410753e-08,4.1469605076208485e-07,4.147034281548508e-07,4.907617426638001e-07,0.0,200.12203391431592,0.0
131,740.2954935007276,740.2954934779623,740.2954934774385,5.008141352977819e-10,173.89024530204148,5.237351997132347e-10,2.2788243379636703e-08,4.1469619024016923e-07,4.147035676286804e-07,4.934515017075674e-07,0.0,200.12203388794157,0.0
132,676.7315628128634,676.7315627900988,676.7315627895757,4.99502875575459e-10,173.89024530196534,5.231351313647427e-10,2.2788250875039505e-08,4.146963266280954e-07,4.14703704012436e-07,4.960972952993891e-07,0.0,200.1220338588616,0.0
133,664.9140279014177,664.9140278786539,664.9140278781313,4.9820415768416e-10,173.8902453018886,5.225404376394607e-10,2.278825821482209e-08,4.146964601843254e-07,4.1470383756458316e-07,4.986851924506125e-07,0.0,200.12203382713435,0.0
134,414.3905846570744,414.3905846343111,414.39058463378916,4.969178986155547e-10,173.89024530181123,5.219522220323252e-10,2.278826535566983e-08,4.146965901206741e-07,4.1470396749694885e-07,5.012171789326209e-07,0.0,200.12203379281644,0.0
135,652.4855848958879,652.4855848731254,652.485584872604,4.956435812746062e-10,173.8902453017333,5.213714334110562e-10,2.278827233678256e-08,4.1469671715048374e-07,4.147040945228811e-07,5.036704936324024e-07,0.0,200.1220337559873,0.0
136,695.9133599346552,695.9133599118934,695.9133599113726,4.943810523981261e-10,173.89024530165477,5.207989241604652e-10,2.278827910705103e-08,4.146968403437123e-07,4.147042177123422e-07,5.06058650523546e-07,0.0,200.12203371671285,0.0
137,693.1881833399297,693.1881833171685,693.1881833166483,4.931297405649411e-10,173.89024530157565,5.202353985395059e-10,2.2788285664078744e-08,4.146969596567574e-07,4.1470433702173363e-07,5.083794635233383e-07,0.0,200.12203367506135,0.0
138,647.0275468377033,647.0275468149429,647.0275468144232,4.918898356112779e-10,173.89024530149592,5.196814468444489e-10,2.27882920106589e-08,4.146970751404458e-07,4.14704452501881e-07,5.106308921589393e-07,0.0,200.1220336311031,0.0
139,669.2577381264438,669.2577381036839,669.2577381031648,4.906606525631253e-10,173.8902453014156,5.191375494711119e-10,2.278829815155588e-08,4.146971868814863e-07,4.1470456423949837e-07,5.128054803917493e-07,0.0,200.12203358491604,0.0
140,714.5803044833982,714.580304460639,714.5803044601204,4.894426095417342e-10,173.89024530133466,5.186040828959726e-10,2.2788304084780828e-08,4.1469729484368325e-07,4.1470467219838775e-07,5.149055171618952e-07,0.0,200.1220335365757,0.0
141,748.96443782046,748.9644377977016,748.9644377971836,4.882345470012728e-10,173.89024530125317,5.180813334522244e-10,2.2788309801377734e-08,4.1469739886406616e-07,4.1470477621558126e-07,5.169336198843171e-07,0.0,200.12203348615506,0.0
142,800.4403742753836,800.4403742526259,800.4403742521083,4.870370555041283e-10,173.89024530117103,5.175694984813837e-10,2.278831531298012e-08,4.146974991543247e-07,4.1470487650276406e-07,5.188890075308377e-07,0.0,200.12203343372798,0.0
143,817.9564689764956,817.9564689537385,817.9564689532214,4.858493572836282e-10,173.89024530108833,5.170687013167203e-10,2.2788320618169106e-08,4.146975956886354e-07,4.147049730341109e-07,5.207750127110232e-07,0.0,200.12203337936486,0.0
144,810.4071133020072,810.4071132792507,810.4071132787342,4.846710911533298e-10,173.890245301005,5.165789945848749e-10,2.2788325717262778e-08,4.14697688472788e-07,4.147050658154122e-07,5.225919974326211e-07,0.0,200.12203332313595,0.0
145,816.7486404046741,816.7486403819184,816.7486403814023,4.835027217695339e-10,173.8902453009211,5.161003665799461e-10,2.2788330617069833e-08,4.146977776306788e-07,4.147051549705619e-07,5.2433985802705e-07,0.0,200.12203326511136,0.0
146,818.2584220923085,818.2584220695533,818.2584220690377,4.823432959942218e-10,173.8902453008365,5.156327560204331e-10,2.2788335324084437e-08,4.146978632804751e-07,4.1470524061772327e-07,5.260208976245977e-07,0.0,200.12203320535906,0.0
147,815.1381620543314,815.1381620315768,815.1381620310617,4.811928385033805e-10,173.8902453007514,5.151760513923632e-10,2.278833984141231e-08,4.146979454786892e-07,4.1470532281340686e-07,5.276365533167226e-07,0.0,200.12203314394554,0.0
148,814.5342207614748,814.534220738721,814.5342207382064,4.800516218255739e-10,173.89024530066558,5.147300989454966e-10,2.278834417577998e-08,4.1469802434771963e-07,4.1470540168000777e-07,5.291885993800637e-07,0.0,200.1220330809354,0.0
149,815.9434069952706,815.9434069725177,815.9434069720033,4.789183129365881e-10,173.8902453005792,5.14294715626112e-10,2.2788348329359855e-08,4.1469809992709584e-07,4.147054772570543e-07,5.306787440580879e-07,0.0,200.1220330163917,0.0
150,815.0375056246444,815.037505601892,815.0375056013781,4.777939015159678e-10,173.89024530049218,5.138696819268345e-10,2.2788352314920217e-08,4.146981724491515e-07,4.14705549776873e-07,5.321090053239249e-07,0.0,200.1220329503753,0.0
151,811.917066285752,811.9170662630006,811.9170662624871,4.766778427121387e-10,173.89024530040456,5.13454759069663e-10,2.2788356132796558e-08,4.1469824191999197e-07,4.1470561924556864e-07,5.334812434005217e-07,0.0,200.12203288294523,0.0
152,820.0701070913957,820.0701070686447,820.0701070681317,4.755690834191771e-10,173.8902453003163,5.13049690838353e-10,2.2788359783273906e-08,4.1469830834480454e-07,4.1470568566832943e-07,5.347972619606647e-07,0.0,200.1220328141587,0.0
153,601.8068187075671,601.8068186848168,601.8068186843042,4.744685483891949e-10,173.89024530022743,5.126541989619196e-10,2.278836327622806e-08,4.146983719032809e-07,4.1470574922483624e-07,5.360623252909542e-07,0.0,200.12203274406764,0.0
154,788.2562535726653,788.2562535499158,788.2562535494035,4.733758610577492e-10,173.8902453001379,5.122679995889043e-10,2.2788366626701363e-08,4.1469843286915904e-07,4.147058101888306e-07,5.372699749253784e-07,0.0,200.12203267273037,0.0
155,753.8021633774056,753.802163354657,753.802163354145,4.722899836776629e-10,173.89024530004775,5.118908012132804e-10,2.278836982255006e-08,4.1469849102144487e-07,4.1470586833931354e-07,5.384301709744534e-07,0.0,200.12203260019524,0.0
156,779.091065152255,779.0910651295069,779.0910651289954,4.712116434448348e-10,173.89024529995694,5.115223050519922e-10,2.2788372890218573e-08,4.146985468413419e-07,4.147059241574814e-07,5.395388156479444e-07,0.0,200.12203252651463,0.0
157,798.6280407721201,798.6280407493728,798.6280407488616,4.701405878670518e-10,173.8902452998655,5.111622111344695e-10,2.2788375812035156e-08,4.146986000072849e-07,4.1470597732177554e-07,5.406008244796736e-07,0.0,200.1220324517361,0.0
158,796.8156449331477,796.8156449104011,796.8156449098902,4.690759284251038e-10,173.89024529977348,5.108102245981879e-10,2.2788378608667996e-08,4.1469865089535475e-07,4.1470602820826447e-07,5.416183560563489e-07,0.0,200.12203237590487,0.0
159,715.0693156896182,715.0693156668722,715.0693156663617,4.68018337241637e-10,173.89024529968074,5.104660474969788e-10,2.278838127241958e-08,4.146986993654849e-07,4.1470607667688546e-07,5.425937950098079e-07,0.0,200.12203229906387,0.0
160,697.3263311184443,697.3263310956992,697.326331095189,4.669674429173011e-10,173.89024529958738,5.101293922793855e-10,2.2788383817203287e-08,4.1469874567084557e-07,4.1470612298080073e-07,5.435287479349962e-07,0.0,200.12203222125424,0.0
161,652.7887792264236,652.788779203679,652.7887792031693,4.6592246345956e-10,173.8902452994934,5.097999771345547e-10,2.278838623991316e-08,4.146987897549256e-07,4.1470616706350355e-07,5.444220865692809e-07,0.0,200.1220321425184,0.0
162,696.3170717698632,696.3170717471196,696.3170717466102,4.648839268983265e-10,173.8902452993987,5.094775271691045e-10,2.2788388557465695e-08,4.146988319255521e-07,4.1470620923281696e-07,5.4527125418815e-07,0.0,200.1220320629012,0.0
163,607.2722057848094,607.2722057620664,607.2722057615572,4.638516763604528e-10,173.89024529930344,5.09161777256126e-10,2.278839075784376e-08,4.1469887196402695e-07,4.1470624927003393e-07,5.460903973867196e-07,0.0,200.1220319824333,0.0
164,516.5707931179144,516.570793095172,516.5707930946631,4.628248374852929e-10,173.8902452992075,5.0885247609315e-10,2.278839283889319e-08,4.146989098311672e-07,4.147062871359798e-07,5.46873629279606e-07,0.0,200.1220319011513,0.0
165,789.061904278274,789.0619042555323,789.0619042550238,4.6180433866482326e-10,173.8902452991109,5.085493788577739e-10,2.2788394880941925e-08,4.146989469887023e-07,4.1470632429237194e-07,5.475963985439556e-07,0.0,200.12203181911627,0.0
166,775.6662714614638,775.6662714387229,775.6662714382146,4.6078903465726827e-10,173.89024529901366,5.082522593539105e-10,2.2788396774479307e-08,4.146989814438496e-07,4.14706358746437e-07,5.483015654482378e-07,0.0,200.12203173634634,0.0
167,801.849924177938,801.8499241551978,801.8499241546898,4.597790538329836e-10,173.89024529891572,5.079608994403343e-10,2.278839858219281e-08,4.1469901433733103e-07,4.147063916388857e-07,5.489728588686634e-07,0.0,200.12203165287605,0.0
168,711.0214223905331,711.0214223677937,711.0214223672859,4.5877472942158945e-10,173.89024529881715,5.076750956264009e-10,2.2788400292276878e-08,4.1469904545432434e-07,4.147064227548995e-07,5.496124585397447e-07,0.0,200.1220315687376,0.0
169,812.7223576993441,812.7223576766052,812.7223576760978,4.5777541143240863e-10,173.89024529871793,5.073946589209779e-10,2.2788401915426802e-08,4.1469907498944455e-07,4.147064522890879e-07,5.502212850928862e-07,0.0,200.1220314839623,0.0
170,771.9589504881274,771.9589504653893,771.9589504648822,4.567808425418089e-10,173.89024529861805,5.07119414928701e-10,2.2788403448492502e-08,4.1469910288537305e-07,4.147064801841345e-07,5.50799483125253e-07,0.0,200.12203139858133,0.0
171,724.1624175284787,724.1624175057415,724.1624175052347,4.5579129527223467e-10,173.89024529851753,5.068492003300506e-10,2.278840489276223e-08,4.146991291655411e-07,4.1470650646346516e-07,5.513526743841743e-07,0.0,200.12203131262018,0.0
172,606.1585690828948,606.1585690601581,606.1585690596514,4.548070190059414e-10,173.89024529841632,5.065838684288591e-10,2.278840624167872e-08,4.1469915371063404e-07,4.1470653100777e-07,5.518786677042088e-07,0.0,200.12203122610651,0.0
173,667.9666958678627,667.9666958451267,667.9666958446204,4.5382636185981634e-10,173.89024529831448,5.063232887969566e-10,2.2788407551182857e-08,4.1469917753860915e-07,4.147065548349975e-07,5.52360356650765e-07,0.0,200.12203113908512,0.0
174,662.3006850139988,662.3006849912636,662.3006849907575,4.5285147120711793e-10,173.89024529821202,5.060673395473394e-10,2.2788408755035888e-08,4.146991994441156e-07,4.1470657673980584e-07,5.528213003915425e-07,0.0,200.1220310515772,0.0
175,702.9920146564593,702.9920146337248,702.992014633219,4.518804233612503e-10,173.89024529810885,5.058159205848745e-10,2.2788409885637304e-08,4.146992200167207e-07,4.147065973117538e-07,5.532557419671649e-07,0.0,200.12203096360975,0.0
176,819.1642718007015,819.1642717779678,819.1642717774622,4.509127030260608e-10,173.89024529800503,5.055689421048728e-10,2.2788410940186352e-08,4.1469923920545956e-07,4.147066164998771e-07,5.536638958127908e-07,0.0,200.12203087520945,0.0
177,816.7486404053618,816.7486403826288,816.7486403821234,4.4995062807187957e-10,173.89024529790058,5.053263230419862e-10,2.2788411918389366e-08,4.146992570049883e-07,4.1470663429883206e-07,5.540464231559301e-07,0.0,200.12203078640238,0.0
178,710.5212390373788,710.5212390146465,710.5212390141414,4.4899201216889107e-10,173.89024529779545,5.050880039173997e-10,2.278841282356838e-08,4.146992734757567e-07,4.147066507690671e-07,5.544029127806702e-07,0.0,200.122030697215,0.0
179,816.3460251391385,816.346025116407,816.3460251159021,4.4803647287286183e-10,173.89024529768966,5.048539350492413e-10,2.2788413656914054e-08,4.146992886394321e-07,4.147066659322501e-07,5.547350082211589e-07,0.0,200.12203060767212,0.0
180,348.1570295753286,348.15702955259775,348.15702955209315,4.4708573472355115e-10,173.8902452975832,5.046240751217688e-10,2.2788414373395392e-08,4.1469930167656845e-07,4.1470667896893333e-07,5.550615024202976e-07,0.0,200.1220305177798,0.0
181,338.4264374846651,338.4264374619349,338.4264374614305,4.461385077995568e-10,173.89024529747613,5.043984000270993e-10,2.2788415062208398e-08,4.146993142102942e-07,4.1470669150224554e-07,5.553428916492572e-07,0.0,200.12203042758352,0.0
182,559.3781626413243,559.3781626185948,559.3781626180906,4.451939311407387e-10,173.89024529736832,5.041768970316853e-10,2.2788415718446605e-08,4.146993261513252e-07,4.1470670344290256e-07,5.55580454210133e-07,0.0,200.12203033712754,0.0
183,764.0410748060375,764.0410747833088,764.0410747828048,4.4425408708543295e-10,173.89024529725987,5.039595593771217e-10,2.278841627183843e-08,4.146993362209162e-07,4.1470671351216416e-07,5.558035654840861e-07,0.0,200.12203024642673,0.0
184,812.2190519353,812.219051912572,812.2190519120683,4.433173111371022e-10,173.89024529715076,5.037463977081188e-10,2.278841675144441e-08,4.146993449478694e-07,4.1470672223882137e-07,5.560091838248335e-07,0.0,200.12203015549898,0.0
185,813.7289555591424,813.7289555364151,813.7289555359116,4.4238327095761864e-10,173.89024529704096,5.035374317082737e-10,2.2788417163846367e-08,4.1469935245196625e-07,4.1470672974266084e-07,5.561896613196281e-07,0.0,200.12203006436988,0.0
186,811.8164040361777,811.8164040134513,811.8164040129479,4.4145182443451227e-10,173.89024529693054,5.033326876991344e-10,2.2788417503921836e-08,4.146993586399953e-07,4.1470673593047284e-07,5.563453866431105e-07,0.0,200.12202997306457,0.0
187,813.1249990277237,813.1249990049979,813.1249990044947,4.4052470720722746e-10,173.89024529681944,5.031321984608796e-10,2.2788417775681055e-08,4.1469936358492844e-07,4.147067408752273e-07,5.56476283322926e-07,0.0,200.1220298816083,0.0
188,813.7289555584691,813.7289555357439,813.728955535241,4.396001671351013e-10,173.89024529670763,5.029360121424473e-10,2.2788417984254792e-08,4.1469936738012584e-07,4.1470674467028156e-07,5.565822636356751e-07,0.0,200.1220297900265,0.0
189,814.2322476699095,814.2322476471852,814.2322476466825,4.386773733985481e-10,173.89024529659517,5.027441823501592e-10,2.2788418116228984e-08,4.1469936978150273e-07,4.147067470715584e-07,5.566629818013488e-07,0.0,200.12202969834476,0.0
190,813.8296143438082,813.8296143210845,813.8296143205819,4.3775860538931326e-10,173.89024529648202,5.025567648082996e-10,2.278841817888248e-08,4.146993709215062e-07,4.1470674821150073e-07,5.567187009378984e-07,0.0,200.12202960658857,0.0
191,805.1297071103756,805.1297070876526,805.1297070871503,4.3684301204795313e-10,173.89024529636822,5.023738283890024e-10,2.278841817411089e-08,4.1469937083463066e-07,4.1470674812460235e-07,5.567485365265604e-07,0.0,200.12202951478423,0.0
192,819.0636225454929,819.0636225227706,819.0636225222685,4.359283735233518e-10,173.89024529625374,5.02195450048943e-10,2.278841809612041e-08,4.146993694154485e-07,4.1470674670543825e-07,5.567531781130468e-07,0.0,200.1220294229574,0.0
193,810.3064483011175,810.3064482783959,810.306448277894,4.350167921038215e-10,173.89024529613854,5.020217046045847e-10,2.2788417942609117e-08,4.1469936662207434e-07,4.1470674391212423e-07,5.567318078116336e-07,0.0,200.12202933113463,0.0
194,793.8630785317566,793.8630785090361,793.8630785085343,4.3410874039837565e-10,173.89024529602267,5.018526745174771e-10,2.2788417720427428e-08,4.146993625791614e-07,4.1470673986931083e-07,5.566836205013703e-07,0.0,200.12202923934308,0.0
195,788.8452924751207,788.8452924524007,788.845292451899,4.332028846811123e-10,173.8902452959061,5.016884514415088e-10,2.2788417420923143e-08,4.1469935712927245e-07,4.147067344195655e-07,5.566083412387012e-07,0.0,200.12202914761042,0.0
196,778.5908630014283,778.590862978709,778.5908629782074,4.3229770464330246e-10,173.8902452957889,5.015291301155581e-10,2.2788417051627852e-08,4.146993504094509e-07,4.1470672769992606e-07,5.565067491716549e-07,0.0,200.1220290559634,0.0
197,780.8358687023895,780.8358686796711,780.8358686791697,4.313959959812601e-10,173.89024529567092,5.013748008508137e-10,2.2788416607376776e-08,4.146993423257209e-07,4.147067196164213e-07,5.563769288726188e-07,0.0,200.12202896443074,0.0
198,808.897118926027,808.8971189033092,808.8971189028081,4.3049592273193477e-10,173.89024529555232,5.012255622581988e-10,2.278841608229498e-08,4.1469933277117663e-07,4.1470671006214645e-07,5.562203538476951e-07,0.0,200.12202887303974,0.0
199,803.5614704305812,803.5614704078641,803.561470407363,4.295971438123302e-10,173.890245295433,5.010815125598867e-10,2.278841548016116e-08,4.1469932181458036e-07,4.1470669910586395e-07,5.560347417480745e-07,0.0,200.12202878181992,0.0
200,781.7098630579069,781.7098630351908,781.7098630346898,4.287020502037307e-10,173.89024529531298,5.00942747585222e-10,2.278841479566652e-08,4.1469930935932917e-07,4.1470668665097233e-07,5.558207638282644e-07,0.0,200.1220286908002,0.0
201,634.469223808775,634.4692237860596,634.4692237855588,4.278086201395778e-10,173.89024529519222,5.008093711779873e-10,2.2788414029437232e-08,4.146992954168156e-07,4.147066727088629e-07,5.55578141510713e-07,0.0,200.12202860000974,0.0
202,652.8898433081986,652.8898432854842,652.8898432849834,4.269150703791214e-10,173.89024529507077,5.00681486123924e-10,2.2788413177845785e-08,4.1469927992103044e-07,4.1470665721352757e-07,5.553087488424243e-07,0.0,200.12202850947588,0.0
203,575.6644855972655,575.6644855745518,575.6644855740511,4.2602468518222885e-10,173.89024529494856,5.005591854410537e-10,2.2788412235701378e-08,4.1469926277752404e-07,4.147066400705211e-07,5.550096157392379e-07,0.0,200.12202841922888,0.0
204,500.0857432187507,500.0857431960376,500.08574319553713,4.2513663740825684e-10,173.89024529482563,5.00442566674657e-10,2.2788411209731744e-08,4.146992441087138e-07,4.147066214022563e-07,5.546818161517712e-07,0.0,200.12202832929805,0.0
205,351.62933806485535,351.629338042143,351.62933804164265,4.242500175870088e-10,173.890245294702,5.003317282988856e-10,2.27884100622576e-08,4.14699223228946e-07,4.1470660052308354e-07,5.543395775076827e-07,0.0,200.12202823969832,0.0
206,276.36463255908325,276.36463253637163,276.3646325358714,4.233633012475049e-10,173.89024529457765,5.002267645979285e-10,2.278840886313636e-08,4.146992014094017e-07,4.1470657870416555e-07,5.539758599898753e-07,0.0,200.12202815045177,0.0
207,100.57189613721756,100.57189611450681,100.57189611400669,4.224798761339155e-10,173.89024529445254,5.001277592117967e-10,2.2788407128170103e-08,4.146991698391313e-07,4.147065471346307e-07,5.537244209148472e-07,0.0,200.12202806144677,0.0
208,151.8599489671258,151.85994894441583,151.8599489439158,4.215980454143977e-10,173.89024529432672,5.000347992857459e-10,2.2788405996515928e-08,4.1469914924751744e-07,4.147065265437484e-07,5.531568111257597e-07,0.0,200.12202797300006,0.0
209,357.2033076931211,357.2033076704119,357.20330766991196,4.207163099194476e-10,173.89024529420016,4.999479675893965e-10,2.278840473984043e-08,4.1469912638101615e-07,4.1470650367806137e-07,5.525284812039804e-07,0.0,200.12202788517294,0.0
210,468.4883599154151,468.48835989270674,468.48835989220686,4.1983602507755583e-10,173.89024529407283,4.998673359641309e-10,2.278840317754163e-08,4.1469909795311915e-07,4.14706475251044e-07,5.519571187859104e-07,0.0,200.1220277979091,0.0
211,480.21838508994097,480.2183850672335,480.21838506673373,4.189585060038032e-10,173.89024529394473,4.997929704674679e-10,2.278840149338353e-08,4.1469906730780715e-07,4.1470644460666056e-07,5.513732301575838e-07,0.0,200.1220277112217,0.0
212,546.4459586417937,546.445958619087,546.4459586185873,4.18081764185472e-10,173.8902452938159,4.997249365282123e-10,2.2788399722933803e-08,4.1469903509232926e-07,4.1470641239216677e-07,5.507476763810433e-07,0.0,200.122027625153,0.0
213,667.4395144192093,667.4395143965035,667.4395143960038,4.172044073173654e-10,173.89024529368626,4.996632903231818e-10,2.2788397854020115e-08,4.1469900108518743e-07,4.147063783860673e-07,5.500814277312388e-07,0.0,200.12202753974435,0.0
214,718.009965727913,718.0099657052078,718.0099657047082,4.163296072327745e-10,173.89024529355586,4.996080722969579e-10,2.278839586455915e-08,4.146989648845303e-07,4.147063421865136e-07,5.493821869065635e-07,0.0,200.12202745502944,0.0
215,654.1025852018128,654.1025851791085,654.1025851786089,4.1545665277872027e-10,173.8902452934247,4.995593205127582e-10,2.278839375040755e-08,4.1469892641496324e-07,4.14706303718113e-07,5.486495303248891e-07,0.0,200.1220273710422,0.0
216,609.7017806749874,609.7017806522839,609.7017806517844,4.145841569338288e-10,173.8902452932927,4.995170661883753e-10,2.2788391525930404e-08,4.1469888593789333e-07,4.147062632422729e-07,5.478743717656845e-07,0.0,200.1220272878259,0.0
217,721.4393210520972,721.4393210293945,721.4393210288949,4.137108341336226e-10,173.89024529315998,4.994813290434448e-10,2.2788389205428363e-08,4.146988437135595e-07,4.1470622101923494e-07,5.470474708776692e-07,0.0,200.12202720543286,0.0
218,675.822677117583,675.8226770948813,675.8226770943819,4.1283971866873024e-10,173.89024529302642,4.994521102301828e-10,2.278838674270264e-08,4.1469879890127446e-07,4.147061762083155e-07,5.461855231485377e-07,0.0,200.1220271238988,0.0
219,701.9685547986116,701.9685547759105,701.9685547754111,4.1197058115791686e-10,173.89024529289208,4.994294057785555e-10,2.278838417413713e-08,4.146987521631185e-07,4.1470612947158964e-07,5.452760450579206e-07,0.0,200.12202704327188,0.0
220,722.3470409105206,722.3470408878206,722.3470408873212,4.1110233799316526e-10,173.89024529275693,4.994132035596789e-10,2.278838147437852e-08,4.1469870303774684e-07,4.147060803477223e-07,5.443210928390964e-07,0.0,200.12202696359827,0.0
221,765.7934360140769,765.7934359913776,765.7934359908782,4.1023348386928774e-10,173.890245292621,4.994034802968794e-10,2.278837865410773e-08,4.1469865171951516e-07,4.1470602903106433e-07,5.4331925419425e-07,0.0,200.12202688492548,0.0
222,759.7478122421999,759.7478122195017,759.7478122190023,4.0936622584673195e-10,173.89024529248422,4.994001933278996e-10,2.2788375699750355e-08,4.146985979614131e-07,4.147059752746092e-07,5.422726086527811e-07,0.0,200.12202680729894,0.0
223,668.5506636574244,668.5506636347269,668.5506636342275,4.0849989372136715e-10,173.89024529234658,4.994032913752415e-10,2.2788372603577243e-08,4.146985416227943e-07,4.1470591893771254e-07,5.411823033549416e-07,0.0,200.12202673076297,0.0
224,653.0919704271669,653.0919704044704,653.091970403971,4.076337638068512e-10,173.89024529220814,4.994127091739945e-10,2.2788369378862416e-08,4.146984829452152e-07,4.147058602619328e-07,5.400392641894831e-07,0.0,200.12202665537092,0.0
225,664.0048023358466,664.0048023131509,664.0048023126515,4.067691554487531e-10,173.89024529206884,4.994283663593882e-10,2.278836602841924e-08,4.146984219798635e-07,4.1470579929845385e-07,5.388444022153652e-07,0.0,200.12202658117522,0.0
226,608.9931797649238,608.9931797422289,608.9931797417295,4.059057127295994e-10,173.89024529192872,4.99450170959339e-10,2.27883625283065e-08,4.146983582910857e-07,4.1470573561162844e-07,5.376040212787827e-07,0.0,200.12202650822204,0.0
227,433.1297953294449,433.1297953067509,433.1297953062514,4.050425119140082e-10,173.89024529178775,4.994780183263187e-10,2.278835885265194e-08,4.146982914080809e-07,4.1470566873065834e-07,5.363266019131262e-07,0.0,200.12202643654896,0.0
228,353.5910010484763,353.5910010257833,353.5910010252838,4.0417964942289913e-10,173.89024529164593,4.99511787567307e-10,2.2788355045582743e-08,4.146982221338395e-07,4.1470559945853065e-07,5.349933782114118e-07,0.0,200.12202636621245,0.0
229,310.8324403239774,310.8324403012852,310.83244030078566,4.0331724047994696e-10,173.89024529150328,4.995513410708099e-10,2.2788351099004898e-08,4.1469815032108064e-07,4.147055276479687e-07,5.336031643592934e-07,0.0,200.12202629727003,0.0
230,251.24642633819144,251.24642631550023,251.24642631500063,4.024564973650622e-10,173.8902452913597,4.995965262007409e-10,2.2788346967206134e-08,4.1469807513798133e-07,4.147054524671583e-07,5.32165324808849e-07,0.0,200.1220262297699,0.0
231,327.11713357306627,327.117133550376,327.11713354987637,4.015958733517952e-10,173.89024529121528,4.996471781289133e-10,2.2788342792660548e-08,4.146979991771668e-07,4.1470537650871417e-07,5.306231089433678e-07,0.0,200.12202616381694,0.0
232,469.30469856708305,469.3046985443937,469.304698543894,4.007352869873484e-10,173.89024529106996,4.997031149968956e-10,2.2788338458990015e-08,4.146979203208833e-07,4.1470529765489064e-07,5.29023229959616e-07,0.0,200.12202609946942,0.0
233,504.87025352222014,504.87025349953166,504.8702534990319,3.9987500229953664e-10,173.8902452909238,4.997641382249831e-10,2.2788333920062304e-08,4.146978377296499e-07,4.1470521506620774e-07,5.273885534664765e-07,0.0,200.12202603676258,0.0
234,563.5967887204105,563.5967886977231,563.5967886972232,3.990159860403655e-10,173.8902452907767,4.998300325592672e-10,2.278832923574665e-08,4.146977524929133e-07,4.14705129832106e-07,5.256976032973492e-07,0.0,200.12202597575316,0.0
235,476.54748394128427,476.54748391859766,476.5474839180977,3.981584270059277e-10,173.8902452906287,4.999005710849336e-10,2.27883243561225e-08,4.146976637022724e-07,4.1470504104419336e-07,5.239624083697552e-07,0.0,200.12202591648594,0.0
236,503.54702940536623,503.5470293826806,503.5470293821806,3.973003729115577e-10,173.8902452904799,4.999755148286508e-10,2.2788319345465585e-08,4.146975725273625e-07,4.1470494987210023e-07,5.221565066510184e-07,0.0,200.12202585903202,0.0
237,674.1058232532887,674.1058232306038,674.1058232301039,3.9644238740441004e-10,173.89024529033014,5.000546085300464e-10,2.278831419483516e-08,4.1469747880549343e-07,4.1470485615313976e-07,5.202805922099826e-07,0.0,200.1220258034618,0.0
238,678.1453344638759,678.1453344411922,678.1453344406921,3.9558478077250024e-10,173.8902452901795,5.001375830315354e-10,2.278830884755033e-08,4.1469738150523155e-07,4.1470475885588204e-07,5.183581878507926e-07,0.0,200.12202574982223,0.0
239,674.408804116555,674.408804093872,674.4088040933718,3.9472782227620185e-10,173.89024529002796,5.002241591954596e-10,2.27883033433077e-08,4.1469728134893465e-07,4.147046587026779e-07,5.16377776432772e-07,0.0,200.1220256981716,0.0
240,597.2475957926615,597.2475957699799,597.2475957694795,3.9387121078195924e-10,173.89024528987545,5.003140522099736e-10,2.278829766843121e-08,4.146971780877404e-07,4.1470455544466724e-07,5.143430528043495e-07,0.0,200.1220256485646,0.0
241,443.5643981673097,443.5643981446288,443.5643981441284,3.9301512731614987e-10,173.8902452897221,5.004069771159397e-10,2.2788291796504215e-08,4.146970712409523e-07,4.1470444860116185e-07,5.122581883276052e-07,0.0,200.12202560105163,0.0
242,433.0274473041612,433.0274472814813,433.02744728098077,3.921598661263023e-10,173.89024528956782,5.00502656939396e-10,2.278828579762582e-08,4.1469696208416667e-07,4.147043394477478e-07,5.100991512541646e-07,0.0,200.12202555570715,0.0
243,380.28430619219455,380.2843061695155,380.2843061690149,3.913048652756696e-10,173.8902452894126,5.006008320921601e-10,2.278827960842828e-08,4.146968494642804e-07,4.1470422683133235e-07,5.078848320246996e-07,0.0,200.12202551258673,0.0
244,363.8044432936435,363.8044432709654,363.80444327046473,3.904503817048422e-10,173.89024528925646,5.007012417551327e-10,2.278827326587605e-08,4.1469673405393645e-07,4.1470411142455283e-07,5.056036936822347e-07,0.0,200.12202547175735,0.0
245,379.97560058687776,379.97560056420065,379.97560056369986,3.895967105147528e-10,173.8902452890994,5.008035222941323e-10,2.2788266776057192e-08,4.146966159639168e-07,4.1470399333818903e-07,5.032571049553644e-07,0.0,200.12202543328465,0.0
246,274.0667588972261,274.06675887455003,274.0667588740491,3.887435583798917e-10,173.89024528894143,5.009069420570169e-10,2.278826007317092e-08,4.146964939968064e-07,4.1470387137481747e-07,5.008912405261469e-07,0.0,200.12202539718805,0.0
247,130.60055524059217,130.60055521791705,130.60055521741603,3.8789094923436425e-10,173.89024528878255,5.010102449296122e-10,2.278825300953738e-08,4.146963654652617e-07,4.147037428471115e-07,4.985585893145911e-07,0.0,200.12202536343432,0.0
248,127.69338336571795,127.69338334304376,127.69338334254266,3.8703900592521124e-10,173.8902452886228,5.011123330417665e-10,2.2788246085487086e-08,4.1469623947386606e-07,4.147036168596087e-07,4.960679121387208e-07,0.0,200.12202533218132,0.0
249,162.45078259461096,162.45078257193774,162.45078257143652,3.8618798486588125e-10,173.89024528846207,5.012131388734773e-10,2.2788239153175852e-08,4.146961133322829e-07,4.147034907219879e-07,4.934708497380197e-07,0.0,200.12202530353537,0.0
250,153.57333317493533,153.5733331522631,153.5733331517618,3.8533750675826016e-10,173.8902452883004,5.013131234636487e-10,2.2788231924975277e-08,4.146959818064994e-07,4.1470335920026377e-07,4.908782820519236e-07,0.0,200.12202527749184,0.0
251,173.12290531187222,173.1229052892009,173.12290528869949,3.8448771974335373e-10,173.8902452881379,5.014124032422136e-10,2.2788224660884676e-08,4.1469584962773157e-07,4.147032270256141e-07,4.882119524377527e-07,0.0,200.12202525412442,0.0
252,117.23271188433887,117.23271186166852,117.232711861167,3.836389007576073e-10,173.89024528797447,5.015106840877682e-10,2.2788216991827176e-08,4.146957100798656e-07,4.1470308748197414e-07,4.855905548706118e-07,0.0,200.1220252333881,0.0
253,119.71540477383836,119.71540475116898,119.71540475066737,3.827905563640207e-10,173.8902452878101,5.01607504811965e-10,2.2788209389876152e-08,4.146955717532875e-07,4.147029491596869e-07,4.828308581157182e-07,0.0,200.12202521542102,0.0
254,211.4430472636166,211.44304724094812,211.44304724044642,3.819428223778518e-10,173.89024528764483,5.017023764954937e-10,2.2788201897104244e-08,4.1469543541359394e-07,4.1470281282434264e-07,4.799208267347567e-07,0.0,200.12202520037332,0.0
255,240.43106241461516,240.4310623919477,240.4310623914459,3.8109596862141505e-10,173.89024528747868,5.017948236723738e-10,2.2788194049609606e-08,4.146952926190858e-07,4.1470267003427844e-07,4.770498557646622e-07,0.0,200.12202518820567,0.0
256,378.02021160672086,378.02021158405427,378.02021158355245,3.802503554168428e-10,173.89024528731161,5.018843891648213e-10,2.2788186177121443e-08,4.1469514936985514e-07,4.1470252678953834e-07,4.741199963352053e-07,0.0,200.12202517897674,0.0
257,462.0578820357051,462.0578820130395,462.0578820125375,3.7940544634694106e-10,173.89024528714367,5.01970631514997e-10,2.2788178134969564e-08,4.146950030333222e-07,4.1470238045755717e-07,4.7118218500090754e-07,0.0,200.12202517269407,0.0
258,681.17463950577,681.1746394831051,681.1746394826031,3.7856104469969884e-10,173.89024528697482,5.020531207900495e-10,2.27881700230298e-08,4.1469485542693023e-07,4.1470223285576413e-07,4.6820889170485204e-07,0.0,200.1220251693928,0.0
259,718.211700938688,718.2117009160241,718.2117009155221,3.7771724048431267e-10,173.89024528680508,5.021314366268035e-10,2.278816179769243e-08,4.146947057570955e-07,4.147020831905733e-07,4.6522384821209865e-07,0.0,200.12202516908425,0.0
260,654.2036447741931,654.2036447515303,654.203644751028,3.7687504663795596e-10,173.89024528663447,5.02205168080045e-10,2.2788153499269318e-08,4.1469455475736696e-07,4.147019321955242e-07,4.6222059573505594e-07,0.0,200.12202517178616,0.0
261,605.7535974993168,605.7535974766549,605.7535974761525,3.760337022699557e-10,173.890245286463,5.022739155735606e-10,2.278814514271811e-08,4.146944026999314e-07,4.147017801428023e-07,4.591962879038558e-07,0.0,200.12202517751913,0.0
262,690.3618484886316,690.3618484659705,690.3618484654681,3.751932596401167e-10,173.89024528629065,5.02337290445537e-10,2.2788136765455468e-08,4.1469425026564936e-07,4.1470162771325733e-07,4.5614731918432896e-07,0.0,200.12202518630727,0.0
263,723.960713155706,723.9607131330458,723.9607131325433,3.743537572939317e-10,173.89024528611745,5.023949162750138e-10,2.278812835467523e-08,4.1469409722146847e-07,4.147014746738292e-07,4.5309065048782546e-07,0.0,200.12202519815764,0.0
264,727.0870153509869,727.0870153283277,727.0870153278253,3.7351534077413563e-10,173.89024528594342,5.024464304127769e-10,2.278811993135757e-08,4.146939439491529e-07,4.1470132140627274e-07,4.5003104656172107e-07,0.0,200.12202521307262,0.0
265,722.5487535718332,722.5487535491749,722.5487535486725,3.726787597280143e-10,173.89024528576851,5.024914858022493e-10,2.2788111517170932e-08,4.1469379084298916e-07,4.1470116830486397e-07,4.4697215057862075e-07,0.0,200.12202523105088,0.0
266,802.1519657326219,802.1519657099644,802.1519657094618,3.718434130159856e-10,173.89024528559275,5.025297534708377e-10,2.278810313074577e-08,4.1469363824199073e-07,4.147010157086109e-07,4.4391695356714015e-07,0.0,200.122025252088,0.0
267,752.6935649282041,752.6935649055475,752.693564905045,3.710093850074959e-10,173.8902452854162,5.025609234915456e-10,2.2788094772054867e-08,4.146934861456392e-07,4.147008636169837e-07,4.4088083268996987e-07,0.0,200.1220252761642,0.0
268,771.6367910303769,771.6367910077214,771.6367910072188,3.701767777386834e-10,173.89024528523888,5.025847069365862e-10,2.2788086481680657e-08,4.1469333529240206e-07,4.147007127684374e-07,4.378626360958714e-07,0.0,200.12202530326084,0.0
269,725.4734708249804,725.4734708023257,725.473470801823,3.693456905589676e-10,173.89024528506067,5.026008379042881e-10,2.2788078271052787e-08,4.146931858902411e-07,4.1470056337092034e-07,4.3487528845821904e-07,0.0,200.12202533334624,0.0
270,740.7995502602566,740.7995502376026,740.7995502371,3.685162229109903e-10,173.8902452848817,5.02609075566633e-10,2.278807017015784e-08,4.1469303848481225e-07,4.147004159700789e-07,4.31920833810337e-07,0.0,200.1220253663868,0.0
271,728.0954474988074,728.0954474761542,728.0954474756517,3.6768847427259353e-10,173.89024528470193,5.026092062339899e-10,2.2788062189874302e-08,4.1469289327405267e-07,4.147002707638389e-07,4.290110449101272e-07,0.0,200.12202540233704,0.0
272,726.6836353561207,726.6836353334684,726.6836353329658,3.668625447593298e-10,173.89024528452143,5.026010454148809e-10,2.278805436016791e-08,4.146927508032295e-07,4.14700128297453e-07,4.261526567859056e-07,0.0,200.12202544114467,0.0
273,680.9625564615479,680.9625564388964,680.9625564383938,3.6603853562552494e-10,173.89024528434015,5.025844398551444e-10,2.27880467091177e-08,4.146926115832773e-07,4.146999890818415e-07,4.233532658642637e-07,0.0,200.12202548274993,0.0
274,660.1655526053613,660.1655525827108,660.1655525822082,3.6521654679659516e-10,173.8902452841581,5.025592695301845e-10,2.2788039238394463e-08,4.1469247564457703e-07,4.1469985314737375e-07,4.206307481724717e-07,0.0,200.12202552707504,0.0
275,655.7194969491784,655.7194969265286,655.719496926026,3.6439668469346524e-10,173.8902452839753,5.025254495576831e-10,2.2788032005764723e-08,4.146923440382895e-07,4.146997215451928e-07,4.1798192858917345e-07,0.0,200.12202557404547,0.0
276,667.7425590340756,667.7425590114265,667.742559010924,3.6357904979396405e-10,173.89024528379178,5.024829320046281e-10,2.2788025025122544e-08,4.1469221701722363e-07,4.1469959452809506e-07,4.1541994111112256e-07,0.0,200.12202562357348,0.0
277,601.1971931714147,601.1971931487664,601.1971931482639,3.627637401303484e-10,173.89024528360756,5.024317075391485e-10,2.2788018307006865e-08,4.146920947731339e-07,4.1469947228782155e-07,4.1296026515779654e-07,0.0,200.12202567555593,0.0
278,610.7140320154932,610.7140319928457,610.7140319923434,3.619508479164536e-10,173.8902452834226,5.023718068904349e-10,2.278801190507914e-08,4.146919782824794e-07,4.146993558008137e-07,4.1060285521800226e-07,0.0,200.12202572988969,0.0
279,567.552534694202,567.552534671555,567.5525346710527,3.6114045884359e-10,173.89024528323696,5.023033020778863e-10,2.2788005823945844e-08,4.1469186762905835e-07,4.1469924515085624e-07,4.083651944914058e-07,0.0,200.12202578645415,0.0
280,642.3772876695432,642.377287646897,642.3772876463948,3.6033265450866875e-10,173.8902452830506,5.022263073571719e-10,2.2788000121426185e-08,4.1469176386499164e-07,4.146991413900528e-07,4.0624532547838405e-07,0.0,200.12202584513068,0.0
281,628.82643462311,628.8264346004645,628.8264345999625,3.5952751866423624e-10,173.8902452828636,5.021409798493432e-10,2.2787994786673743e-08,4.1469166679287946e-07,4.146990443209917e-07,4.0426721385737936e-07,0.0,200.1220259057767,0.0
282,563.3939088957992,563.3939088731547,563.3939088726526,3.5872514572365084e-10,173.89024528267595,5.020475197954417e-10,2.2787989852434587e-08,4.1469157700858163e-07,4.1469895453951726e-07,4.0243875033497296e-07,0.0,200.1220259682417,0.0
283,475.5276121353526,475.5276121127087,475.5276121122068,3.579256481166707e-10,173.8902452824876,5.019461704000631e-10,2.2787985339147016e-08,4.1469149488399777e-07,4.1469887241751775e-07,4.0076702979969474e-07,0.0,200.12202603236824,0.0
284,508.02517361126337,508.0251735886201,508.0251735881183,3.57129159466217e-10,173.89024528229862,5.018372172142064e-10,2.2787981311986745e-08,4.14691421605117e-07,4.146987991409652e-07,3.992443115414333e-07,0.0,200.12202609800653,0.0
285,548.4764511345795,548.4764511119369,548.476451111435,3.563358329151128e-10,173.890245282109,5.01720987028671e-10,2.278797776294419e-08,4.1469135702616703e-07,4.1469873456407734e-07,3.9788996663811593e-07,0.0,200.12202616498743,0.0
286,553.9576808512978,553.957680828656,553.9576808281544,3.5554583644032274e-10,173.89024528191877,5.015978462481629e-10,2.278797470069156e-08,4.1469130130493967e-07,4.146986788446369e-07,3.967158976091903e-07,0.0,200.1220262331301,0.0
287,510.46725150799574,510.4672514853544,510.4672514848529,3.5475934770425986e-10,173.89024528172797,5.014681987513244e-10,2.278797214564109e-08,4.146912548128579e-07,4.146986323540536e-07,3.957293553423913e-07,0.0,200.12202630224627,0.0
288,414.486392291083,414.48639226844244,414.4863922679411,3.539765500821918e-10,173.89024528153652,5.013324832489739e-10,2.2787970095031186e-08,4.146912174996621e-07,4.146985950420657e-07,3.94937096502735e-07,0.0,200.12202637214108,0.0
289,484.90755031882077,484.9075502961808,484.9075502956796,3.531976303594283e-10,173.89024528134445,5.011911701690305e-10,2.278796863164743e-08,4.1469119087180733e-07,4.1469856841511716e-07,3.9431331961474307e-07,0.0,200.12202644264553,0.0
290,591.4738897302532,591.4738897076139,591.4738897071128,3.5242277847732876e-10,173.89024528115186,5.01044758123887e-10,2.2787967710779616e-08,4.146911741156867e-07,4.146985516596007e-07,3.938802039122296e-07,0.0,200.12202651356841,0.0
291,684.5065546847454,684.5065546621069,684.5065546616058,3.5165218801028394e-10,173.89024528095862,5.008937700005133e-10,2.278796732057413e-08,4.146911670155991e-07,4.146985445598169e-07,3.93644370652841e-07,0.0,200.12202658471207,0.0
292,681.7804671023968,681.7804670797586,681.780467079258,3.508861873027972e-10,173.89024528076487,5.007387487572275e-10,2.2787967460448888e-08,4.14691169560947e-07,4.1469854710516576e-07,3.9360724882372224e-07,0.0,200.1220266558773,0.0
293,636.1083258719043,636.1083258492669,636.1083258487663,3.50126267939294e-10,173.89024528057058,5.005802529060485e-10,2.2787968124738795e-08,4.146911816486561e-07,4.146985591925803e-07,3.937613949993719e-07,0.0,200.12202672687258,0.0
294,622.6554911926659,622.6554911700289,622.6554911695284,3.4937108205993254e-10,173.89024528037572,5.004188510270846e-10,2.278796932270075e-08,4.1469120344717727e-07,4.1469858099051176e-07,3.9409970872904005e-07,0.0,200.1220267975134,0.0
295,306.9888874862798,306.98888746364344,306.9888874631432,3.486202749874449e-10,173.89024528018035,5.002551184113743e-10,2.27879708999322e-08,4.146912321468611e-07,4.1469860968934216e-07,3.9465630904710723e-07,0.0,200.12202686758127,0.0
296,256.48874746448513,256.48874744184934,256.4887474413493,3.4787387180005067e-10,173.89024527998444,5.000896330278945e-10,2.278797302138371e-08,4.146912707493508e-07,4.146986482907074e-07,3.953554964862139e-07,0.0,200.12202693693348,0.0
297,173.12290531179673,173.12290528916157,173.12290528866166,3.471321630851098e-10,173.89024527978802,4.999229713016696e-10,2.2787975497442357e-08,4.1469131580426215e-07,4.146986933442546e-07,3.9624715462095617e-07,0.0,200.12202700537736,0.0
298,99.0540189990015,99.05401897636688,99.05401897586712,3.4639605056702615e-10,173.89024527959103,4.997557038119691e-10,2.278797820525114e-08,4.146913650759783e-07,4.146987426143931e-07,3.973579824474958e-07,0.0,200.12202707269378,0.0
299,58.41198180351667,58.411981780882606,58.411981780383016,3.4566826296633653e-10,173.89024527939355,4.995883908290798e-10,2.278798102987893e-08,4.1469141647316924e-07,4.1469879400984707e-07,3.98670651772964e-07,0.0,200.12202713868083,0.0
300,43.49682070919691,43.496820686563396,43.49682068606398,3.449457852079169e-10,173.89024527919554,4.994215772505962e-10,2.2787984141261028e-08,4.146914730882815e-07,4.146988506231027e-07,4.0002881280875817e-07,0.0,200.1220272032931,0.0
301,49.42517098992622,49.42517096729326,49.425170966794006,3.4422515166636146e-10,173.89024527899704,4.992557913585545e-10,2.2787988075559953e-08,4.146915446779612e-07,4.146989222107677e-07,4.0117394579590503e-07,0.0,200.12202726674374,0.0
302,102.63100122601456,102.63100120338217,102.63100120288308,3.4348739290668535e-10,173.89024527879798,4.990915426095106e-10,2.2787992680109097e-08,4.146916284641912e-07,4.1469900599487817e-07,4.0212236862743634e-07,0.0,200.1220273292296,0.0
303,189.82732866481712,189.82732864218534,189.82732864168642,3.4273052563736213e-10,173.89024527859837,4.989293230477059e-10,2.2787996822814314e-08,4.146917038461961e-07,4.1469908137481264e-07,4.03262301025708e-07,0.0,200.12202739055937,0.0
304,280.01848160374396,280.0184815811131,280.0184815806144,3.416151584409206e-10,173.8902452783979,4.987695888703132e-10,2.278800065498338e-08,4.146917735774316e-07,4.146991511040565e-07,4.044920251841007e-07,0.0,200.12202745064354,0.0
305,376.68206024254977,376.68206021991995,376.6820602194214,3.403816070263184e-10,173.89024527819637,4.986128240916765e-10,2.2788004269971284e-08,4.1469183935674303e-07,4.1469921688147187e-07,4.05706614924833e-07,0.0,200.1220275094975,0.0
306,463.89549215569,463.8954921330608,463.8954921325624,3.3955844406619494e-10,173.8902452779943,4.984593466140244e-10,2.2788007769094654e-08,4.146919030277321e-07,4.146992805506161e-07,4.0685407733791325e-07,0.0,200.12202756718872,0.0
307,557.7124271739484,557.7124271513198,557.7124271508216,3.3883447128427433e-10,173.89024527779168,4.983092167994184e-10,2.2788011008938003e-08,4.146919619807993e-07,4.146993395019786e-07,4.079060810466953e-07,0.0,200.12202762381298,0.0
308,649.049162374619,649.0491623519907,649.0491623514926,3.3834885347595373e-10,173.89024527758872,4.981624224949895e-10,2.278801401261337e-08,4.1469201663649446e-07,4.146993941560956e-07,4.088490925786115e-07,0.0,200.1220276794796,0.0
309,664.105828722851,664.105828700223,664.105828699725,3.379367391502495e-10,173.89024527738553,4.98018887073657e-10,2.2788016684954328e-08,4.1469206526314274e-07,4.1469944278134196e-07,4.0967845455103326e-07,0.0,200.12202773430255,0.0
310,683.900776687054,683.9007766644263,683.9007766639285,3.3756204783778245e-10,173.89024527718212,4.978785733325813e-10,2.278801901660267e-08,4.1469210769047414e-07,4.146994852074598e-07,4.1038204525603176e-07,0.0,200.12202778840793,0.0
311,744.6301853553342,744.6301853327068,744.630185332209,3.3711290327962945e-10,173.89024527697845,4.977414782432018e-10,2.2788020937715734e-08,4.146921426476206e-07,4.146995201636219e-07,4.109521312391363e-07,0.0,200.1220278419295,0.0
312,623.7683921720758,623.7683921494487,623.7683921489511,3.3673128010409334e-10,173.89024527677452,4.97607594323376e-10,2.27880224657288e-08,4.146921704518094e-07,4.1469954796703123e-07,4.1139187402716165e-07,0.0,200.12202789499804,0.0
313,715.891681943565,715.8916819209383,715.8916819204408,3.362386312906478e-10,173.89024527657028,4.974769245552222e-10,2.2788023544377066e-08,4.1469219007928797e-07,4.146995675939934e-07,4.116740502750828e-07,0.0,200.1220279477713,0.0
314,808.3290783336217,808.3290783109952,808.329078310498,3.357804519902328e-10,173.89024527636576,4.973493938211794e-10,2.2788024208190276e-08,4.1469220215833477e-07,4.14699579672752e-07,4.11805758285103e-07,0.0,200.12202800040015,0.0
315,797.4660190308504,797.4660190082244,797.4660190077271,3.3531851909451305e-10,173.89024527616093,4.97224865315859e-10,2.2788024416221458e-08,4.146922059438622e-07,4.146995834582378e-07,4.1179082720780407e-07,0.0,200.12202805303144,0.0
316,764.1425344812936,764.1425344586679,764.1425344581708,3.348158280308909e-10,173.89024527595572,4.971031097437416e-10,2.2788024172437766e-08,4.1469220150806636e-07,4.1469957902264927e-07,4.1162943212477377e-07,0.0,200.122028105812,0.0
317,798.4327061299985,798.4327061073732,798.4327061068761,3.343487378907337e-10,173.8902452757502,4.969837752374156e-10,2.2788023553053063e-08,4.1469219023775015e-07,4.1469956775274695e-07,4.113311212694619e-07,0.0,200.1220281588789,0.0
318,814.4335632453482,814.4335632227231,814.4335632222262,3.3387062974738775e-10,173.89024527554437,4.96866421796033e-10,2.2788022571868738e-08,4.1469217238404824e-07,4.146995498996581e-07,4.1091284950973885e-07,0.0,200.12202821235232,0.0
319,813.5276374416306,813.5276374190059,813.5276374185092,3.333791957087934e-10,173.8902452753382,4.967505216327981e-10,2.2788021293229997e-08,4.1469214911779754e-07,4.1469952663418326e-07,4.1039952080735875e-07,0.0,200.12202826632742,0.0
320,698.1661956439854,698.166195621361,698.1661956208644,3.3290582512200537e-10,173.89024527513172,4.966354928729854e-10,2.2788019838352443e-08,4.146921226446607e-07,4.1469950016191645e-07,4.0982445630433737e-07,0.0,200.12202832086612,0.0
321,606.7150041248563,606.7150041022323,606.7150041017358,3.324341879603272e-10,173.8902452749249,4.9652076854311e-10,2.2788018284806597e-08,4.146920943761213e-07,4.1469947189429555e-07,4.0922837982180414e-07,0.0,200.12202837598934,0.0
322,573.1273624047938,573.1273623821702,573.1273623816738,3.31959010810804e-10,173.8902452747177,4.964058595549891e-10,2.278801676283267e-08,4.146920666820661e-07,4.1469944420113837e-07,4.0865035695503406e-07,0.0,200.1220284316791,0.0
323,490.7919433689747,490.7919433463515,490.79194334585526,3.314995705469556e-10,173.89024527451022,4.962903957810722e-10,2.27880153852636e-08,4.1469204161561487e-07,4.146994191354963e-07,4.0813483512196566e-07,0.0,200.1220284878728,0.0
324,789.4647248378154,789.4647248151925,789.4647248146964,3.3104944801927114e-10,173.8902452743024,4.961742285771707e-10,2.2788014280542847e-08,4.146920215139883e-07,4.1469939903453683e-07,4.077034889800254e-07,0.0,200.12202854448617,0.0
325,766.5994593394953,766.5994593168728,766.5994593163767,3.3060314751685126e-10,173.89024527409433,4.960574249359076e-10,2.2788013466667498e-08,4.146920067046125e-07,4.146993842256494e-07,4.073982494448587e-07,0.0,200.12202860139314,0.0
326,760.3524105562468,760.3524105336245,760.3524105331286,3.3017307787441236e-10,173.89024527388594,4.959402039716969e-10,2.2788012973230853e-08,4.1469199772599666e-07,4.146993752473386e-07,4.0721391658897475e-07,0.0,200.1220286584727,0.0
327,740.3963053365318,740.3963053139098,740.396305313414,3.2975299700668203e-10,173.89024527367727,4.958228386270825e-10,2.2788012715872022e-08,4.146919930430889e-07,4.1469937056459793e-07,4.071238732125957e-07,0.0,200.12202871563056,0.0
328,782.717055983362,782.7170559607405,782.7170559602447,3.293407104558085e-10,173.8902452734683,4.957056954351626e-10,2.278801251549042e-08,4.1469198939694704e-07,4.146993669185896e-07,4.0705785760483627e-07,0.0,200.1220287728427,0.0
329,787.5512986954996,787.5512986728781,787.5512986723826,3.28942489850142e-10,173.89024527325918,4.955861338958413e-10,2.278801188726422e-08,4.1469197796564333e-07,4.1469935548765176e-07,4.068501026526061e-07,0.0,200.12202883025063,0.0
330,763.4760409019751,763.4760408793541,763.4760408788585,3.28557127530769e-10,173.89024527304977,4.95448427421927e-10,2.278800999904332e-08,4.1469194360720703e-07,4.146993211302802e-07,4.062030191456579e-07,0.0,200.12202888829185,0.0
331,717.2030142928585,717.2030142702375,717.2030142697422,3.2818553970366887e-10,173.8902452728402,4.952926400578464e-10,2.278800694057609e-08,4.1469188795471723e-07,4.146992654795037e-07,4.0514947524312667e-07,0.0,200.12202894737098,0.0
332,686.3238231160778,686.3238230934571,686.323823092962,3.27831573090444e-10,173.8902452726304,4.951595938585803e-10,2.2788004760796695e-08,4.1469184829099975e-07,4.146992258170026e-07,4.044181759001742e-07,0.0,200.12202900716807,0.0
333,574.853433251646,574.8534332290255,574.8534332285305,3.274979363313119e-10,173.89024527242043,4.950343833050702e-10,2.2788003453015583e-08,4.146918244943159e-07,4.146992020210346e-07,4.0401696335459116e-07,0.0,200.12202906735382,0.0
334,259.00327581858943,259.00327579596916,259.0032757954742,3.2718503918991857e-10,173.89024527221034,4.949089678436301e-10,2.2788002074421945e-08,4.1469179940898237e-07,4.1469917693639143e-07,4.036908947387506e-07,0.0,200.12202912785307,0.0
335,265.9123566876639,265.9123566650438,265.912356664549,3.2689331902698445e-10,173.89024527200007,4.94782634507254e-10,2.2788000536007632e-08,4.1469177141565673e-07,4.1469914894391415e-07,4.032009977431332e-07,0.0,200.12202918882957,0.0
